time,Q_controlpoint,Qin_sub1,Qin_sub2,Qin_sub3,Qin_sub4,Qoutput_Reservoir1,V_Reservoir1,V_max,V_min
10/24/2025 0:00,-0.124503,62.39,41.95,0.64,76.48,74.53,168744000,248510000,166820000
10/24/2025 1:00,76.148945,54.3,41.95,0.64,74.91,89.997379,168615489.4,248510000,166820000
10/24/2025 2:00,206.342698,52.3,41.946667,0.64,74.03,89.997442,168479778.6,248510000,166820000
10/24/2025 3:00,205.263025,48.2,41.943333,0.64,72.68,89.99751,168329307.6,248510000,166820000
10/24/2025 4:00,204.069906,54.3,41.94,0.64,71.49,89.997586,168200796.3,248510000,166820000
10/24/2025 5:00,202.946519,54.3,41.936667,0.64,70.37,89.997669,168072284.7,248510000,166820000
10/24/2025 6:00,201.473957,52.3,41.933333,0.64,68.9,89.99776,167936572.8,248510000,166820000
10/24/2025 7:00,201.381795,30.1,41.93,7.71,61.73,89.997863,167720940.4,248510000,166820000
10/24/2025 8:00,209.451416,54.3,37.278333,18.4,63.77,89.997992,167592427.7,248510000,166820000
10/24/2025 9:00,208.097441,64.4,32.626667,18.4,67.07,89.998143,167500274.4,248510000,166820000
10/24/2025 10:00,181.754561,64.4,27.975,18.4,45.33,89.998315,167408120.4,248510000,166820000
10/24/2025 11:00,224.009621,74.5,23.323333,18.4,92.37,89.998515,167352325.8,248510000,166820000
10/24/2025 12:00,222.413547,74.5,18.671667,18.4,95.34,89.998736,167296530.3,248510000,166820000
10/24/2025 13:00,219.474698,104.8,14.02,18.4,97.05,89.998983,167349814,248510000,166820000
10/24/2025 14:00,225.05834,205.9,18.2,18.4,98.47,89.999205,167767056.8,248510000,166820000
10/24/2025 15:00,228.722205,236.47,22.38,18.4,97.95,89.999327,168294351.3,248510000,166820000
10/24/2025 16:00,233.679764,155.62,26.56,18.4,98.73,89.999405,168530585.4,248510000,166820000
10/24/2025 17:00,238.070933,94.82,30.74,18.4,98.94,89.999471,168547939.3,248510000,166820000
10/24/2025 18:00,241.542786,94.82,34.92,18.4,98.23,89.999536,168565293,248510000,166820000
10/24/2025 19:00,245.012853,74.53,39.1,18.4,97.52,89.999601,168509602.4,248510000,166820000
10/24/2025 20:00,240.964214,94.83,39.606667,18.4,92.95,89.999668,168526991.6,248510000,166820000
10/24/2025 21:00,244.067027,74.53,40.113333,18.4,95.56,89.999734,168471300.6,248510000,166820000
10/24/2025 22:00,270.747901,74.53,40.62,18.4,121.78,89.999802,168415609.3,248510000,166820000
10/24/2025 23:00,297.474572,54.23,41.126667,18.4,148,89.999874,168286837.7,248510000,166820000
10/25/2025 0:00,357.496544,74.12,41.633333,18.4,207.58,89.999951,168229669.9,248510000,166820000
10/25/2025 1:00,369.022336,42.07,42.14,20.8,216.1,90.000032,168057121.8,248510000,166820000
10/25/2025 2:00,358.159599,66.42,42.138333,20.8,205.2,90.000125,167972233.3,248510000,166820000
10/25/2025 3:00,350.202361,66.42,42.136667,20.8,197.25,90.000225,167887344.5,248510000,166820000
10/25/2025 4:00,340.733746,74.5,42.135,20.8,187.78,90.000333,167831543.3,248510000,166820000
10/25/2025 5:00,330.353965,74.5,42.133333,20.8,177.4,90.000448,167775741.7,248510000,166820000
10/25/2025 6:00,312.277392,74.5,42.131667,20.8,159.31,90.000569,167719939.7,248510000,166820000
10/25/2025 7:00,307.24048,74.5,42.13,20.8,154.3,90.000698,167664137.2,248510000,166820000
10/25/2025 8:00,303.561322,94.8,42.113333,20.8,150.64,90.000836,167681414.1,248510000,166820000
10/25/2025 9:00,249.183421,74.5,42.096667,20.8,96.18,90.000971,167625610.7,248510000,166820000
10/25/2025 10:00,245.997263,74.5,42.08,20.8,93.11,90.001116,167569806.6,248510000,166820000
10/25/2025 11:00,248.709326,74.5,42.063333,20.8,95.85,90.001272,167514002.1,248510000,166820000
10/25/2025 12:00,249.885821,74.5,42.046667,20.8,97.04,90.00144,167458196.9,248510000,166820000
10/25/2025 13:00,252.795964,84.7,42.03,20.8,99.97,90.001624,167439111,248510000,166820000
10/25/2025 14:00,254.400362,74.5,41.971667,20.8,101.63,90.001814,167383304.5,248510000,166820000
10/25/2025 15:00,254.066007,74.53,41.913333,20.8,101.35,90.002022,167327605.2,248510000,166820000
10/25/2025 16:00,252.270746,76.56,41.855,20.8,99.61,90.002254,167279213.1,248510000,166820000
10/25/2025 17:00,253.48681,76.56,41.796667,20.8,100.89,90.002511,167230820.1,248510000,166820000
10/25/2025 18:00,253.141804,74.53,41.738333,20.8,100.6,90.002799,167175118,248510000,166820000
10/25/2025 19:00,279.252336,76.56,41.68,20.8,126.82,90.003132,167126722.7,248510000,166820000
10/25/2025 20:00,269.605643,76.56,41.713333,20.8,117.07,90.003519,167078326,248510000,166820000
10/25/2025 21:00,269.630587,78.59,41.746667,20.8,117.08,90.003979,167037235.7,248510000,166820000
10/25/2025 22:00,268.875994,73.4,41.78,20.8,116.29,90.004527,166977459.4,248510000,166820000
10/25/2025 23:00,268.918534,73.4,41.813333,20.8,116.3,90.005285,166917680.4,248510000,166820000
10/26/2025 0:00,270.170742,71.37,41.846667,20.8,117.52,90.006513,166850588.9,248510000,166820000
10/26/2025 1:00,269.352127,81.52,41.88,20.8,116.66,90.010537,166820023,248510000,166820000
10/26/2025 2:00,265.063268,93.7,41.843333,20.8,109.82,92.593743,166824005.5,248510000,166820000
10/26/2025 3:00,266.069357,95.73,41.806667,20.8,110.79,92.67472,166835004.5,248510000,166820000
10/26/2025 4:00,265.427864,89.6,41.77,20.8,110.17,92.686625,166823892.7,248510000,166820000
10/26/2025 5:00,267.049938,91.7,41.733333,20.8,111.74,92.779839,166820005.3,248510000,166820000
10/26/2025 6:00,287.732895,110,41.696667,20.8,115.29,110.000806,166820002.4,248510000,166820000
10/26/2025 7:00,338.471278,202.5,41.66,20.8,135.21,140.925728,167041669.7,248510000,166820000
10/26/2025 8:00,333.459378,222.2,36.023333,20.8,135.7,140.926263,167334255.2,248510000,166820000
10/26/2025 9:00,326.995728,206,30.386667,20.8,134.87,140.926492,167568519.8,248510000,166820000
10/26/2025 10:00,321.307707,208.5,24.75,20.8,134.82,140.926648,167811783.9,248510000,166820000
10/26/2025 11:00,349.595062,180.3,19.113333,20.8,168.81,140.926764,167953527.5,248510000,166820000
10/26/2025 12:00,320.779617,170.3,13.476667,20.8,145.52,140.926866,168059270.8,248510000,166820000
10/26/2025 13:00,314.938295,160.4,7.84,20.8,145.36,140.926959,168129373.8,248510000,166820000
10/26/2025 14:00,334.598793,152.4,39.49,20.8,133.42,140.927046,168170676.4,248510000,166820000
10/26/2025 15:00,365.866322,123.7,85.63,20.8,118.57,140.927131,168108658.7,248510000,166820000
10/26/2025 16:00,535.507232,105.97,255.32,20.8,118.79,140.92722,167982812.7,248510000,166820000
10/26/2025 17:00,1134.342511,103.17,854.14,20.8,119.64,140.927319,167846886.4,248510000,166820000
10/26/2025 18:00,1376.117651,151.72,1094.9,20.8,119.96,140.927431,167885739.6,248510000,166820000
10/26/2025 19:00,1405.710199,101.96,1102.14,20.8,141.9,140.92754,167745456.5,248510000,166820000
10/26/2025 20:00,1451.578461,83.28,1148.58,20.8,141.36,140.927665,167537924.9,248510000,166820000
10/26/2025 21:00,1343.16877,72.9,1040.22,20.8,141.01,140.927828,167293024.7,248510000,166820000
10/26/2025 22:00,1187.291216,95.74,884.82,20.8,140.44,140.928077,167130347.7,248510000,166820000
10/26/2025 23:00,1181.619344,97.82,879.99,20.8,139.89,140.928458,166975157.2,248510000,166820000
10/27/2025 0:00,1215.243805,97.83,879.99,20.8,173.59,140.929224,166820000,248510000,166820000
10/27/2025 1:00,1289.087349,199.75,869.51,20.8,199.22,199.749958,166820000.1,248510000,166820000
10/27/2025 2:00,1271.292598,260.4,693.26,20.8,303.43,253.812965,166843713.5,248510000,166820000
10/27/2025 3:00,1287.855749,250.36,626.32,20.8,386.95,253.81802,166831264.6,248510000,166820000
10/27/2025 4:00,1104.176147,250.7,494.06,20.8,335.13,253.828812,166820000.9,248510000,166820000
10/27/2025 5:00,1123.132569,293.1,477.94,20.8,331.49,292.97222,166820460.9,248510000,166820000
10/27/2025 6:00,1143.187473,293.6,477.78,20.8,350.92,293.727119,166820003.3,248510000,166820000
10/27/2025 7:00,1087.361561,315.3,477.61,20.8,273.56,315.300906,166820000,248510000,166820000
10/27/2025 8:00,1185.593851,368.9,477.43,20.8,318.7,368.899653,166820001.2,248510000,166820000
10/27/2025 9:00,1511.897668,924.1,672.15,20.8,415.89,403.721392,168693364.2,248510000,166820000
10/27/2025 10:00,1752.214233,1299.8,886.82,20.8,441.34,403.721452,171919247,248510000,166820000
10/27/2025 11:00,1860.36131,921.9,937.39,20.8,498.66,403.721471,173784689.7,248510000,166820000
10/27/2025 12:00,1932.810643,632.2,936.92,20.8,571.51,403.721483,174607212.4,248510000,166820000
10/27/2025 13:00,1674.873351,446.6,701.35,20.8,548.5,403.721494,174761575,248510000,166820000
10/27/2025 14:00,1616.604616,359.4,706.18,20.8,485.79,403.721505,174602017.6,248510000,166820000
10/27/2025 15:00,1850.216993,326.94,1034.35,20.8,391.8,403.721515,174325604.1,248510000,166820000
10/27/2025 16:00,1962.862973,338.74,1116.41,51.83,391.06,403.721527,174091670.6,248510000,166820000
10/27/2025 17:00,1818.771929,346.17,1046.16,51.83,316.78,403.721539,173884485.1,248510000,166820000
10/27/2025 18:00,1481.986594,264.12,711.05,51.83,314.73,403.721551,173381919.5,248510000,166820000
10/27/2025 19:00,1241.069923,273.46,585.02,51.83,200.03,403.721565,172912977.9,248510000,166820000
10/27/2025 20:00,1233.715659,280.61,551.77,51.83,226.38,403.72158,172469776.2,248510000,166820000
10/27/2025 21:00,1246.0476,326.09,552.34,51.83,238.18,403.721597,172190302.4,248510000,166820000
10/27/2025 22:00,1279.776012,421.62,566.78,51.83,257.51,403.721615,172254736.6,248510000,166820000
10/27/2025 23:00,1354.446401,457.26,616.07,51.83,282.97,403.721633,172447474.8,248510000,166820000
10/28/2025 0:00,1348.481379,424.94,621.84,50.83,272.08,403.72165,205301000,248510000,166820000
10/28/2025 1:00,1291.19311,300.34,568.78,50.83,267.75,403.721666,205301000,248510000,166820000
10/28/2025 2:00,1239.282616,186.32,551.36,50.83,233.27,403.721684,205301000,248510000,166820000
10/28/2025 3:00,1225.738007,289.65,550.53,50.83,220.63,403.721707,205301000,248510000,166820000
10/28/2025 4:00,1223.565944,462.7,518.59,50.83,250.42,403.721731,205301000,248510000,166820000
10/28/2025 5:00,1258.344095,406.5,514.13,50.83,289.73,403.721755,171180706.1,248510000,166820000
10/28/2025 6:00,1261.096456,326.4,513.98,50.83,292.57,403.721778,170902347.7,248510000,166820000
10/28/2025 7:00,1339.698893,243.5,599.55,50.83,285.75,403.721803,170325549.2,248510000,166820000
10/28/2025 8:00,1402.499735,236.8,706.47,50.83,241.6,403.721833,169724630.6,248510000,166820000
10/28/2025 9:00,1465.718944,262,801.67,50.83,209.62,403.72187,169214431.8,248510000,166820000
10/28/2025 10:00,1438.655326,336.8,724,51.19,259.69,403.721916,168973512.9,248510000,166820000
10/28/2025 11:00,1503.745316,446.1,680.18,51.19,368.78,403.721968,169126073.9,248510000,166820000
10/28/2025 12:00,1678.961214,433.1,731.28,51.19,493.11,403.722016,169231834.6,248510000,166820000
10/28/2025 13:00,1705.161258,409.8,820.26,51.19,430.04,403.722062,169253715.2,248510000,166820000
10/28/2025 14:00,1918.556993,421.4,979.12,51.19,484.94,403.722107,169317355.6,248510000,166820000
10/28/2025 15:00,1987.897458,491.35,1141.57,51.19,391.55,403.722151,169632815.8,248510000,166820000
10/28/2025 16:00,2169.948095,316.66,1328.43,51.19,386.96,403.722189,169319392,248510000,166820000
10/28/2025 17:00,1859.436471,400.4,1092.68,51.19,311.24,403.722233,169307431.9,248510000,166820000
10/28/2025 18:00,1547.418979,400.4,843.97,51.19,247.93,403.722277,169295471.7,248510000,166820000
10/28/2025 19:00,1551.51406,214.37,843.83,51.19,252.78,403.722322,168613803.4,248510000,166820000
10/28/2025 20:00,1624.98945,241.02,847.02,51.19,323.2,403.722384,168028074.8,248510000,166820000
10/28/2025 21:00,1654.335459,520.62,802.07,51.19,397.41,403.722479,168448905.9,248510000,166820000
10/28/2025 22:00,1676.190061,498.4,756.54,51.19,464.78,403.722549,168789744.7,248510000,166820000
10/28/2025 23:00,1614.362904,616.87,759.98,51.19,399.35,403.722606,169557075.3,248510000,166820000
10/29/2025 0:00,1701.033978,668.12,767.18,51.19,479.11,403.722645,170508905.8,248510000,166820000
10/29/2025 1:00,2204.044205,692.15,959.9,51.19,790.21,403.722674,171547244.2,248510000,166820000
10/29/2025 2:00,2660.694807,913.57,1045.65,51.19,1161.02,403.722695,173382694.5,248510000,166820000
10/29/2025 3:00,2664.296134,984.27,1056.58,51.19,1152.81,403.722709,175472664.7,248510000,166820000
10/29/2025 4:00,2472.396041,988.6,1175.52,51.19,841.59,403.722718,177578222.9,248510000,166820000
10/29/2025 5:00,2296.364991,923.9,1269.17,51.19,571.94,403.722724,179450861.1,248510000,166820000
10/29/2025 6:00,2308.898179,1347.7,1305.11,51.19,548.9,403.722728,182849179.3,248510000,166820000
10/29/2025 7:00,2969.707209,3492.3,1406.1,51.19,1109.98,403.722729,193968057.5,248510000,166820000
10/29/2025 8:00,3901.680295,1320.5,2174.8,51.19,1273.78,403.722721,197268455.7,248510000,166820000
10/29/2025 9:00,4468.800962,1133,2376.72,46.38,1643.09,403.722708,199893853.9,248510000,166820000
10/29/2025 10:00,4252.270341,676.6,2403.66,44.26,1400.21,403.722688,200876212.3,248510000,166820000
10/29/2025 11:00,3458.556852,679.3,2089.13,44.42,919.74,403.722662,201868290.7,248510000,166820000
10/29/2025 12:00,2547.153957,679.3,1383.88,43.93,713.85,403.722627,202860369.2,248510000,166820000
10/29/2025 13:00,1654.627775,525.1,714.72,43.8,490.65,403.722577,203297327.9,248510000,166820000
10/29/2025 14:00,1657.795509,550.7,719.26,43.8,491.02,403.722515,203826446.9,248510000,166820000
10/29/2025 15:00,1442.232894,477,491.11,44.37,502.61,403.722428,204090246.1,248510000,166820000
10/29/2025 16:00,1349.553658,552.25,375.71,45.01,524.93,403.72232,204624945.8,248510000,166820000
10/29/2025 17:00,1279.439234,403.42,377.25,45.43,452.9,403.722105,204623858.2,248510000,166820000
10/29/2025 18:00,1253.705078,415.17,379.52,47.07,423.34,403.721891,204665071.4,248510000,166820000
10/29/2025 19:00,1297.649278,433.97,380.9,48.68,464.43,403.72166,204773965.4,248510000,166820000
10/29/2025 20:00,1225.492345,482.68,437.72,38.69,345.24,403.721366,205058216.5,248510000,166820000
10/29/2025 21:00,1527.14405,436.84,738.8,38.98,346.23,403.720374,205177447.2,248510000,166820000
10/29/2025 22:00,1791.270292,404.29,1004.94,39.32,343.94,403.583059,205179992.2,248510000,166820000
10/29/2025 23:00,1859.726138,390.11,1123.3,39.33,307.11,390.10782,205180000,248510000,166820000
10/30/2025 0:00,1697.399485,207.37,1118.53,39.34,297.308462,241.781615,205056118.2,248510000,166820000
10/30/2025 1:00,1681.108996,219.9,1112.55,39.24,287.506923,241.780652,204977347.8,248510000,166820000
10/30/2025 2:00,1666.059361,244.97,1104.91,41.63,277.705385,241.780064,204988831.6,248510000,166820000
10/30/2025 3:00,1648.437551,245,1097.09,41.63,267.903846,241.77944,205000425.6,248510000,166820000
10/30/2025 4:00,1629.937058,214.9,1088.39,41.63,258.102308,241.778775,204903662,248510000,166820000
10/30/2025 5:00,1375.154747,212.4,842.95,41.63,248.300769,241.778344,204797900,248510000,166820000
10/30/2025 6:00,1037.922275,347.9,526.07,30.94,238.499231,241.778032,205179939.1,248510000,166820000
10/30/2025 7:00,872.895772,239.8,373.15,30.94,228.697692,239.785688,205179990.6,248510000,166820000
10/30/2025 8:00,861.374353,202.9,383.11,30.94,218.896154,228.396456,205088203.4,248510000,166820000
10/30/2025 9:00,861.499523,157.2,393.07,30.94,209.094615,228.395155,204831900.8,248510000,166820000
10/30/2025 10:00,861.657583,154.7,403.03,30.94,199.293077,228.394813,204566599.5,248510000,166820000
10/30/2025 11:00,861.81585,172.3,412.99,30.94,189.491538,228.394619,204364658.8,248510000,166820000
10/30/2025 12:00,861.974166,219.9,422.95,30.94,179.69,228.394474,204334078.7,248510000,166820000
10/30/2025 13:00,880.059947,224.9,432.91,41.63,177.14,228.394334,204321499.1,248510000,166820000
10/30/2025 14:00,876.702402,240,430.321667,41.63,176.35,228.394196,204363280,248510000,166820000
10/30/2025 15:00,873.643332,257.6,427.733333,41.63,175.88,228.394051,204468421.5,248510000,166820000
10/30/2025 16:00,871.592871,194.8,425.145,41.63,176.42,228.393884,204347483.5,248510000,166820000
10/30/2025 17:00,868.496431,194.8,422.556667,41.63,175.91,228.393742,204226546,248510000,166820000
10/30/2025 18:00,864.988772,189.8,419.968333,41.63,174.99,228.393618,204087609,248510000,166820000
10/30/2025 19:00,860.272682,189.8,417.38,41.63,172.86,228.39351,203948672.3,248510000,166820000
10/30/2025 20:00,875.122854,212.3,438.078333,41.63,167.05,228.393414,203890736,248510000,166820000
10/30/2025 21:00,905.111664,202.25,458.776667,41.63,176.37,228.393323,203796620.1,248510000,166820000
10/30/2025 22:00,919.719848,222.28,479.475,41.63,170.25,228.393238,203774612.4,248510000,166820000
10/30/2025 23:00,939.278453,234.9,500.173333,41.63,169.12,228.393155,203798037.1,248510000,166820000
10/31/2025 0:00,955.034104,242.48,520.871667,41.63,164.17,228.393069,203848750,248510000,166820000
10/31/2025 1:00,975.732729,215.07,541.57,41.63,164.18,228.392981,203800787.3,248510000,166820000
10/31/2025 2:00,984.861822,202.72,551.996667,41.63,162.86,228.392896,203708364.9,248510000,166820000
10/31/2025 3:00,992.670966,210.34,562.423333,41.63,160.24,228.392816,203643374.7,248510000,166820000
10/31/2025 4:00,1003.431813,217.9,572.85,41.63,160.58,228.39274,203605600.9,248510000,166820000
10/31/2025 5:00,1012.252183,173.3,583.276667,41.63,158.97,228.392665,203407267.3,248510000,166820000
10/31/2025 6:00,1009.161953,110.86,593.703333,41.63,145.43,228.392599,202984149.9,248510000,166820000
10/31/2025 7:00,1001.567318,108.46,604.13,41.63,127.4,228.392546,202552392.7,248510000,166820000
10/31/2025 8:00,1047.323482,113.74,649.78,41.63,127.61,228.392502,202139643.7,248510000,166820000
10/31/2025 9:00,1093.093467,111.46,695.43,41.63,127.73,228.392465,201718686.9,248510000,166820000
10/31/2025 10:00,1151.219397,109.2,741.08,41.63,140.23,228.392432,201289594.1,248510000,166820000
10/31/2025 11:00,1204.818187,111.87,786.73,41.63,148.17,228.392403,200870113.5,248510000,166820000
10/31/2025 12:00,1256.182504,118.13,832.38,41.63,153.88,228.392377,200473168.9,248510000,166820000
10/31/2025 13:00,1300.526136,135.74,878.03,41.63,152.56,228.392353,200139620.4,248510000,166820000
10/31/2025 14:00,1301.282569,145.9,889.561667,41.63,141.7,228.392332,199842648,248510000,166820000
10/31/2025 15:00,1312.903039,168.3,901.093333,41.63,141.81,228.392311,199626315.7,248510000,166820000
10/31/2025 16:00,1323.806092,198.6,912.625,41.63,141.18,228.392292,199519063.5,248510000,166820000
10/31/2025 17:00,1336.524208,216.1,924.156667,41.63,142.37,228.392273,199474811.3,248510000,166820000
10/31/2025 18:00,1359.725464,262.7,935.688333,41.63,154.06,228.392254,199598319.2,248510000,166820000
10/31/2025 19:00,1387.667897,294.6,947.22,41.63,170.48,228.392234,199836667.1,248510000,166820000
10/31/2025 20:00,1399.680538,221.7,952.481667,41.63,177.2,228.392214,199812575.2,248510000,166820000
10/31/2025 21:00,1391.042343,183.12,957.743333,41.63,163.26,228.392194,199649595.3,248510000,166820000
10/31/2025 22:00,1395.738031,236.9,963.005,41.63,162.72,228.392174,199680223.4,248510000,166820000
10/31/2025 23:00,1388.882163,242,968.266667,41.63,150.58,228.392154,199729211.7,248510000,166820000
11/1/2025 0:00,1471.499738,256.71,973.528333,41.63,228.11,228.392134,199831156,248510000,166820000
11/1/2025 1:00,1483.618616,266.56,978.79,41.63,234.83,228.392114,199968560.4,248510000,166820000
11/1/2025 2:00,1507.859946,266.73,999.785,41.63,238.1,228.392093,200106576.9,248510000,166820000
11/1/2025 3:00,1529.470054,269.31,1020.78,41.63,238.71,228.392071,200253881.4,248510000,166820000
11/1/2025 4:00,1551.783661,279.1,1041.775,41.63,240.03,228.392049,200436430,248510000,166820000
11/1/2025 5:00,1574.567723,281.22,1062.77,41.63,241.82,228.392026,200626610.7,248510000,166820000
11/1/2025 6:00,1616.116195,384.61,1083.765,41.63,262.41,228.392001,201188995.5,248510000,166820000
11/1/2025 7:00,1539.511039,343.7,1104.76,41.63,164.58,228.391973,201604104.4,248510000,166820000
11/1/2025 8:00,2275.130802,339.78,1842.76,41.63,163.78,228.391941,202005101.4,248510000,166820000
11/1/2025 9:00,1850.758172,337.39,1388.24,41.63,191.67,228.391905,202397494.6,248510000,166820000
11/1/2025 10:00,1270.350581,284.07,808.86,41.63,190.34,228.391864,202597935.9,248510000,166820000
11/1/2025 11:00,1060.669183,213.97,610.91,41.63,179.33,228.391819,202546017.3,248510000,166820000
11/1/2025 12:00,1130.316087,213.97,588.38,41.63,272.05,228.391775,202494098.9,248510000,166820000
11/1/2025 13:00,998.637964,285.76,540.66,41.63,187.7,228.391733,202700624.7,248510000,166820000
11/1/2025 14:00,1066.709136,312.82,506.14,41.63,290.68,228.391686,203004566.6,248510000,166820000
11/1/2025 15:00,1050.43336,288.9,490.28,41.63,290.1,228.391632,203222396.7,248510000,166820000
11/1/2025 16:00,899.12591,241,439.8,41.63,189.01,228.391573,203267787.1,248510000,166820000
11/1/2025 17:00,915.419671,242.7,405.27,41.63,240.16,228.391512,203319297.6,248510000,166820000
11/1/2025 18:00,917.497423,218.8,368.57,41.63,278.91,228.391449,203284768.4,248510000,166820000
11/1/2025 19:00,880.912561,197.4,336.73,41.63,274.09,228.391387,203173199.4,248510000,166820000
11/1/2025 20:00,861.269508,192.9,331.11,41.63,260.1,228.391329,203045430.6,248510000,166820000
11/1/2025 21:00,859.305078,194.84,331.11,41.63,258.17,228.391275,202924646,248510000,166820000
11/1/2025 22:00,837.244139,216.12,383,41.63,184.18,228.391223,202880469.6,248510000,166820000
11/1/2025 23:00,1306.867551,212.21,853.37,41.63,184.39,228.391173,202822217.4,248510000,166820000
11/2/2025 0:00,1655.623103,208.3,1184.84,41.63,201.44,228.391124,202749889.4,248510000,166820000
11/2/2025 1:00,1640.051698,209.33,1168.57,41.63,201.43,228.391076,202681269.5,248510000,166820000
11/2/2025 2:00,1603.690681,257.71,1134,41.08,200.15,228.39103,202786817.8,248510000,166820000
11/2/2025 3:00,1564.187796,187.64,1096.09,41.08,198.55,228.390981,202640114.3,248510000,166820000
11/2/2025 4:00,1525.476208,247.6,1057.46,41.08,198.47,228.390936,202709266.9,248510000,166820000
11/2/2025 5:00,1481.446507,275.03,1019.33,41.08,192.56,228.390889,202877167.7,248510000,166820000
11/2/2025 6:00,1482.947876,323.78,994.33,41.08,219.15,228.390839,203220568.7,248510000,166820000
11/2/2025 7:00,1399.712706,166.79,969.38,41.08,160.7,228.390779,202998805.9,248510000,166820000
11/2/2025 8:00,1360.397131,206.45,937.62,41.08,153.23,228.390726,202919819.3,248510000,166820000
11/2/2025 9:00,1166.168488,125.4,734.36,41.08,161.96,228.390675,202549052.8,248510000,166820000
11/2/2025 10:00,939.990451,237.2,513.96,41.08,156.12,228.390631,202580766.6,248510000,166820000
11/2/2025 11:00,916.675729,230.85,490.83,41.08,156.33,228.390586,202589620.4,248510000,166820000
11/2/2025 12:00,917.728472,228.5,491.23,41.08,157.03,228.390542,202590014.5,248510000,166820000
11/2/2025 13:00,976.925337,304.2,542.02,41.08,165.55,228.390497,202862928.7,248510000,166820000
11/2/2025 14:00,1272.695115,387.6,837.56,41.08,166.24,228.390447,203436083.1,248510000,166820000
11/2/2025 15:00,1393.625403,214.42,932.72,41.08,191.67,228.39038,203385789.7,248510000,166820000
11/2/2025 16:00,1302.717281,233,843.04,41.08,190.03,228.390315,203402384.6,248510000,166820000
11/2/2025 17:00,1257.667802,352.57,797.49,41.08,190.62,228.390249,203849431.7,248510000,166820000
11/2/2025 18:00,1278.080408,350.25,776.35,41.08,232.3,228.390161,204288127.1,248510000,166820000
11/2/2025 19:00,1216.90905,298.46,714.1,41.08,233.22,228.390028,204540379,248510000,166820000
11/2/2025 20:00,1104.558351,300.82,521.55,41.08,313.32,228.389842,204801127.6,248510000,166820000
11/2/2025 21:00,1076.723572,333.63,490.04,41.08,317.16,228.389528,205179993.3,248510000,166820000
11/2/2025 22:00,1020.194187,216.6,489.64,41.08,272.75,216.604427,205179977.4,248510000,166820000
11/2/2025 23:00,960.952757,211.99,486.46,41.08,221.31,211.983708,205180000,248510000,166820000
11/3/2025 0:00,860.407568,175.5,455.36,32.57,194.7,177.569917,205172548.3,248510000,166820000
11/3/2025 1:00,859.642224,179.59,449.77,32.53,199.79,177.550866,205179889.2,248510000,166820000
11/3/2025 2:00,751.418269,134.3,447.68,32.5,94.54,176.486904,205028016.3,248510000,166820000
11/3/2025 3:00,750.777301,101.83,445.67,32.52,96.1,176.486116,204759254.3,248510000,166820000
11/3/2025 4:00,747.991291,134.54,442.97,32.54,95.99,176.485833,204608249.3,248510000,166820000
11/3/2025 5:00,738.746817,130.51,368.39,34.19,159.66,176.485625,204442737.1,248510000,166820000
11/3/2025 6:00,684.813778,114.69,311.39,41.08,155.74,176.485464,204220273.4,248510000,166820000
11/3/2025 7:00,682.719358,92.54,309.29,41.08,155.86,176.485341,203918070.2,248510000,166820000
11/3/2025 8:00,670.464087,90.87,306.035,41.08,146.84,176.485248,203609855.3,248510000,166820000
11/3/2025 9:00,669.566907,83.97,302.78,41.08,149.22,176.485173,203276800.7,248510000,166820000
11/3/2025 10:00,670.218842,129.8,299.525,41.08,153.13,176.485111,203108734.2,248510000,166820000
11/3/2025 11:00,666.192888,119.31,296.27,41.08,152.35,176.485055,202902904.1,248510000,166820000
11/3/2025 12:00,662.227714,103,293.015,41.08,151.64,176.485004,202638358,248510000,166820000
11/3/2025 13:00,656.965193,133.67,289.76,41.08,149.63,176.484959,202484224.2,248510000,166820000
11/3/2025 14:00,625.048668,129.45,288.651667,41.08,118.77,176.484916,202314898.5,248510000,166820000
11/3/2025 15:00,654.151563,129.72,287.543333,41.08,149.1,176.484876,202146544.9,248510000,166820000
11/3/2025 16:00,646.674412,120.99,286.435,41.08,142.66,176.484838,201946763.5,248510000,166820000
11/3/2025 17:00,645.962847,115.86,285.326667,41.08,143.07,176.484803,201728514.2,248510000,166820000
11/3/2025 18:00,646.052927,125.22,284.218333,41.08,144.27,176.48477,201543961.1,248510000,166820000
11/3/2025 19:00,647.931085,138.93,283.11,41.08,147.26,176.484739,201408764,248510000,166820000
11/3/2025 20:00,646.259629,134.98,282.411667,41.08,146.28,176.484709,201259347,248510000,166820000
11/3/2025 21:00,593.480687,146.4,281.713333,41.08,94.1,176.48468,201151042.2,248510000,166820000
11/3/2025 22:00,583.610264,146.4,281.015,31.55,94.56,176.484652,201042737.4,248510000,166820000
11/3/2025 23:00,583.691134,157.76,280.316667,31.55,95.34,176.484625,200975328.8,248510000,166820000
11/4/2025 0:00,678.238999,147.6,279.618333,31.55,190.77,176.484598,200871344.2,248510000,166820000
11/4/2025 1:00,676.218592,169.78,278.92,31.55,189.26,176.484572,200847207.8,248510000,166820000
11/4/2025 2:00,580.642145,162.95,278.021667,31.55,94.4,176.484547,200798483.4,248510000,166820000
11/4/2025 3:00,572.197579,174.08,277.123333,23.01,95.58,176.484521,200789827.1,248510000,166820000
11/4/2025 4:00,571.32124,174.32,276.225,23.03,95.58,176.484496,200782035,248510000,166820000
11/4/2025 5:00,589.163,142.97,275.326667,41.83,95.52,176.48447,200661382.9,248510000,166820000
11/4/2025 6:00,588.723672,154.32,274.428333,41.85,95.96,176.484446,200581590.9,248510000,166820000
11/4/2025 7:00,602.106674,175.98,273.53,46.11,106,176.484422,200579774.9,248510000,166820000
11/4/2025 8:00,606.748709,129.14,272.303333,46.11,111.86,176.484398,200409335.1,248510000,166820000
11/4/2025 9:00,610.094537,120.52,271.076667,46.11,116.43,176.484374,200207863.4,248510000,166820000
11/4/2025 10:00,610.094356,121.22,269.85,46.11,117.65,176.484352,200008911.7,248510000,166820000
11/4/2025 11:00,619.559252,118.03,268.623333,46.11,128.36,176.484331,199798476.1,248510000,166820000
11/4/2025 12:00,622.864557,126.77,267.396667,46.11,132.88,176.484311,199619504.6,248510000,166820000
11/4/2025 13:00,620.518858,120.44,266.17,46.11,131.75,176.484291,199417745.1,248510000,166820000
11/4/2025 14:00,617.44525,124.87,263.715,46.11,131.13,176.484273,199231933.7,248510000,166820000
11/4/2025 15:00,610.397962,123.4,261.26,46.11,126.53,176.484255,199040830.4,248510000,166820000
11/4/2025 16:00,608.043811,117.1,258.805,46.11,126.64,176.484237,198827047.2,248510000,166820000
11/4/2025 17:00,607.525227,124.41,256.35,46.11,128.58,176.484221,198639580,248510000,166820000
11/4/2025 18:00,600.313234,188.91,253.895,46.11,123.81,176.484205,198684312.8,248510000,166820000
11/4/2025 19:00,592.479421,168.25,251.44,46.11,118.43,176.484188,198654669.8,248510000,166820000
11/4/2025 20:00,584.253501,168.86,243.103333,46.11,118.54,176.484172,198627222.7,248510000,166820000
11/4/2025 21:00,576.026819,169.48,234.766667,46.11,118.65,176.484156,198602007.8,248510000,166820000
11/4/2025 22:00,567.909923,139.1,226.43,46.11,118.87,176.48414,198467424.9,248510000,166820000
11/4/2025 23:00,559.214367,118.96,218.093333,46.11,118.51,176.484125,198260338,248510000,166820000
11/5/2025 0:00,550.707318,107.19,209.756667,46.11,118.34,176.48411,198010879.2,248510000,166820000
11/5/2025 1:00,536.561199,124.21,201.42,40.76,117.88,176.484095,197822692.5,248510000,166820000
11/5/2025 2:00,536.306236,122.87,201.051667,40.76,118.01,176.484081,197629681.8,248510000,166820000
11/5/2025 3:00,535.409146,123.26,200.683333,40.76,117.48,176.484068,197438075.1,248510000,166820000
11/5/2025 4:00,534.840161,133.61,200.315,40.76,117.28,176.484055,197283728.6,248510000,166820000
11/5/2025 5:00,533.87259,131.4,199.946667,40.76,116.68,176.484042,197121426,248510000,166820000
11/5/2025 6:00,533.224032,148.32,199.578333,46.11,111.04,176.48403,197020035.5,248510000,166820000
11/5/2025 7:00,530.898536,131.88,199.21,46.11,109.09,176.484017,196859461,248510000,166820000
11/5/2025 8:00,531.083643,129.86,198.81,46.11,109.68,176.484006,196691614.6,248510000,166820000
11/5/2025 9:00,538.789004,113.35,198.41,46.11,117.8,176.483994,196464332.2,248510000,166820000
11/5/2025 10:00,529.834505,96.29,198.01,37.42,117.92,176.483983,196175633.9,248510000,166820000
11/5/2025 11:00,529.175254,84.02,197.61,37.42,117.66,176.483972,195842763.6,248510000,166820000
11/5/2025 12:00,528.126003,51.59,197.21,37.42,117.01,176.483962,195393145.3,248510000,166820000
11/5/2025 13:00,504.599719,50.28,196.81,37.42,93.84,176.483953,194938811.1,248510000,166820000
11/5/2025 14:00,503.762217,89,196.316667,37.42,93.54,176.483944,194623868.9,248510000,166820000
11/5/2025 15:00,501.587608,92.48,195.823333,35.42,93.86,176.483935,194321454.7,248510000,166820000
11/5/2025 16:00,512.184109,92.85,195.33,46.11,94.26,176.483927,194020372.6,248510000,166820000
11/5/2025 17:00,512.190574,98.9,194.836667,46.11,94.76,176.48392,193741070.5,248510000,166820000
11/5/2025 18:00,512.137349,98.92,194.343333,46.11,95.2,176.483912,193461840.4,248510000,166820000
11/5/2025 19:00,522.024671,96.92,193.85,46.11,105.6,176.483905,193175410.3,248510000,166820000
11/5/2025 20:00,528.384868,94.92,191.353333,46.11,114.45,176.483898,192881780.3,248510000,166820000
11/5/2025 21:00,529.438515,96.97,188.856667,46.11,117.99,176.483892,192595530.3,248510000,166820000
11/5/2025 22:00,526.509585,99.02,186.36,46.11,117.55,176.483886,192316660.3,248510000,166820000
11/5/2025 23:00,524.042011,92.85,183.863333,46.11,117.58,176.48388,192015578.3,248510000,166820000
11/6/2025 0:00,520.97895,89.18,181.366667,45.81303,117.31,176.483874,191701284.4,248510000,166820000
11/6/2025 1:00,517.625872,91.21,178.87,45.516061,116.75,176.483869,191394298.5,248510000,166820000
11/6/2025 2:00,515.227041,93.24,177.37,45.219091,116.15,176.483864,191094620.6,248510000,166820000
11/6/2025 3:00,510.165248,101.33,175.87,44.922121,112.88,176.483859,190824066.7,248510000,166820000
11/6/2025 4:00,489.678279,103.35,174.37,44.625152,94.16,176.483855,190560784.8,248510000,166820000
11/6/2025 5:00,487.206244,111.81,172.87,44.328182,93.52,176.48385,190327958.9,248510000,166820000
11/6/2025 6:00,487.753414,95.72,171.37,44.031212,95.87,176.483846,190037209.1,248510000,166820000
11/6/2025 7:00,499.434783,97.75,169.87,43.734242,109.37,176.483842,189753767.2,248510000,166820000
11/6/2025 8:00,503.697253,97.44,169.575,43.437273,114.21,176.483838,189469209.4,248510000,166820000
11/6/2025 9:00,502.98495,99.77,169.28,43.140303,114.08,176.483835,189193039.6,248510000,166820000
11/6/2025 10:00,502.652234,100.59,168.985,42.843333,114.34,176.483832,188919821.8,248510000,166820000
11/6/2025 11:00,506.631872,101.31,168.69,42.546364,118.92,176.483828,188649196,248510000,166820000
11/6/2025 12:00,506.333227,107.41,168.69,42.249394,118.91,176.483826,188400530.3,248510000,166820000
11/6/2025 13:00,509.080325,131.42,168.82,41.952424,121.83,176.483823,188238300.5,248510000,166820000
11/6/2025 14:00,513.649811,163.15,169.59,41.655455,125.93,176.48382,188190298.8,248510000,166820000
11/6/2025 15:00,539.780894,173.23,173.62,41.358485,148.37,176.483818,188178585,248510000,166820000
11/6/2025 16:00,710.911861,213.52,264.27,41.061515,229.43,176.483815,188311915.3,248510000,166820000
11/6/2025 17:00,990.523988,296.35,367.2,40.764545,406.62,176.483812,188743433.6,248510000,166820000
11/6/2025 18:00,1388.227384,328.02,450.32,40.467576,721.73,176.48381,189288963.8,248510000,166820000
11/6/2025 19:00,1871.753564,453.87,528.99,40.170606,1127.05,176.483806,190287554.1,248510000,166820000
11/6/2025 20:00,1438.42032,504.26,531.18,39.873636,690.04,176.483802,191467548.4,248510000,166820000
11/6/2025 21:00,2033.990859,966.46,552.62,39.576667,1266.47,176.483797,194311462.8,248510000,166820000
11/6/2025 22:00,925.539842,1390.6,608.15,39.279697,99.47,176.483789,198682281.1,248510000,166820000
11/6/2025 23:00,1327.123636,1236.34,560.92,38.982727,551.52,176.483773,202497763.6,248510000,166820000
11/7/2025 0:00,1134.923195,467.46,420.36,38.685758,499.02,176.48373,203545278.1,248510000,166820000
11/7/2025 1:00,892.762783,352.82,164.14,38.388788,513.28,176.483658,204180089,248510000,166820000
11/7/2025 2:00,725.769419,293.99,70.45,38.091818,440.42,176.48354,204603112.2,248510000,166820000
11/7/2025 3:00,617.278504,230.83,71.01,37.794848,331.78,176.483334,204798760.2,248510000,166820000
11/7/2025 4:00,577.31796,216.37,71.38,37.497879,291.88,176.483022,204942353.3,248510000,166820000
11/7/2025 5:00,466.095851,210.38,71.876667,37.200909,180.32,176.48252,205064384.3,248510000,166820000
11/7/2025 6:00,477.016832,196.2,72.373333,36.903939,191.28,176.481487,205135370.9,248510000,166820000
11/7/2025 7:00,444.887712,188.87,72.87,36.60697,158.87,176.478804,205179979.2,248510000,166820000
11/7/2025 8:00,450.854023,171.06,69.745,36.31,173.75,171.056722,205179991,248510000,166820000
11/7/2025 9:00,442.018685,150.41,66.62,41.02,174.97,159.372595,205147725.7,248510000,166820000
11/7/2025 10:00,430.479877,157.14,63.495,32.57,175.04,159.368872,205139701.7,248510000,166820000
11/7/2025 11:00,426.633385,161.74,60.37,32.58,174.31,159.365883,205148248.6,248510000,166820000
11/7/2025 12:00,412.075359,162.02,57.245,32.57,162.87,159.362058,205157817.2,248510000,166820000
11/7/2025 13:00,405.509263,162.29,54.12,32.57,159.45,159.356498,205168377.8,248510000,166820000
11/7/2025 14:00,404.205699,162.57,54.143333,39.91,150.79,159.345548,205179985.8,248510000,166820000
11/7/2025 15:00,398.43459,151.61,54.166667,41.02,151.62,151.608101,205179992.6,248510000,166820000
11/7/2025 16:00,371.079076,120.39,54.19,41.02,138.26,137.544149,205118237.7,248510000,166820000
11/7/2025 17:00,377.383255,142.25,54.213333,41.02,144.62,137.542202,205135185.8,248510000,166820000
11/7/2025 18:00,381.587973,142.34,54.236667,41.02,148.8,137.539478,205152467.6,248510000,166820000
11/7/2025 19:00,377.911929,142.42,54.26,41.02,145.09,137.534769,205170054.5,248510000,166820000
11/7/2025 20:00,377.606029,132.98,54.26,41.02,144.81,137.515421,205153727,248510000,166820000
11/7/2025 21:00,372.640133,133.16,54.26,41.02,139.84,137.510469,205138065.3,248510000,166820000
11/7/2025 22:00,372.986877,139.93,54.26,41.02,140.2,137.507554,205146786.1,248510000,166820000
11/7/2025 23:00,366.54411,146.73,54.26,39.82,134.95,137.503908,205180000,248510000,166820000
